Year,Video title,Posting date,Video id
2010,Repetitivo ¿YO?,10 feb 2010,vJ5v7jjTd-I
2010,Goodbye LOST,26 may 2010,GJgv0XIOS1M
2012,El mejor Gameplay de la historia,18 aug 2012,sGsPiHRWN2U
2012,Mensaje Navideño,17 dic 2012,TtiNsmcEsQo
2013,Sobre el ligón + ??????,4 feb 2013,9y1lEarmHAY
2013,Mi abuela es Skater,8 oct 2013,6ux0-JGlb38
2014,LOS CRISTINAZIS,15 jan 2014,kQqU1g_QQH4
2014,LOS MALDITOS SPAMMERS,12 nov 2014,tfC398BlKVE
2015,Los consejos de Auron #4,5 mar 2015,GW4FHj3X1vw
2015,¿Dónde está AuronPlay?,11 jun 2015,tIPyYWmLiBk
2016,CREPÚSCULO ESPAÑOL,18 jan 2016,fwxtw4F77f0
2016,ESPECIAL NAVIDAD con Wismichu,22 dec 2016,6NEuaWocp-s
2017,"ReSeT, el más irresponsable de Internet.",20 jan 2017,QHVUMpfbuH4
2017,EL RETO DEL PALOMO COJO 3 CON JORDI WILD,24 dec 2017,kcDe5nCzKe0
2018,LA HAMBURGUESA INFERNAL CON LUISITO COMUNICA,28 feb 2018,bPIjwVkkXCg
2018,EL ORDENADOR DEFECTUOSO (Broma telefónica),17 dec 2018,cyfxF0SDP28
2019,REACCIONANDO A MIS MEMES #1,10 jan 2019,EXkB2ut9hzw
2019,EL HÉROE DE YOUTUBE #2,26 nov 2019,eFa6ZnwPdEc
2020,LA PRENSA Y EL CLICKBAIT INFERNAL,27 jan 2020,yzPkL23UFMg
2020,"NEXT, EL PROGAMA MÁS LAMENTABLE || ÚLTIMOS PROGRAMAS",9 nov 2020,Uo-ZphDU06Y