Year,Video title,Posting date,Video id
2010,Mi primer videoblog! HAHAHAHOHOHOHIHIHI,28 oct 2010,_8wYsm_iS-s
2011,Mantequilla para Mis Palomitas (videoblog),15 Jan 2011,11BVrWynczk
2011,NACA PERO SEXY....PERRA!!!,2 nov 2011,g967H52qR4M
2012,UNOS BESOS A CAMBIO DE...,7 mar 2012,cggVQTKtzXY
2012,HOMBRES MENTIROSOS!!!,13 dec 2012,7rvMqZTnv-8
2013,NO ME TRATES COMO PRINCESA!!!,24 jan 2013,lwnLCrIycRw
2013,ENCUERADOS EN OMEGLE!?,8 sep 2013,pLJmuFsVx_0
2014,POR AMOR / NOTICIAS Y CAMBIOS,31 jan 2014,ZWdRV8sVm-4
2014,DEMASIADA INFO 3.0 - EL TAG REAL!!!,25 sep 2014,h23JzEyhHnU
2015,LO QUE HACEMOS CUANDO NOS GUSTA ALGUIEN | CAELI,28 jan 2015,bIG8uXV98xg
2015,RETO CON MI MAMA - ESTO ES GUERRA!! | CAELI,8 dec 2015,6scAww3Exig
2016,MI CUMPLEAÑOS FUE HORRIBLE | CAELI,8 feb 2016,IFyGff-BVHY
2016,BROMA EN LA CALLE #CreatorsInRio / CAELI,17 aug 2016,0avt-LOpLyE
2017,ME VOY A CASAR!!! | CAELI,26 jan 2017,o9MjxwIn_GY
2017,LES HE ESTADO MINTIENDO... / CAELI,23 nov 2017,XcoslJkxw8Q
2018,CAELI MIENTE POR SEGUIDORES🔥,26 jul 2018,No7KqDNEQE4
2018,MI VIDA COMO CAELI *LA BODA*,16 dec 2018,o2gcl3uQQ_Q
2019,BADABUN SE BURLÓ DE MI *MI RESPUESTA A BADABUN*,31 mar 2019,MmQ2--4w990
2019,ESCONDÍ POR 1 AŃO MI CABELLO BAJO UNA PELUCA Y AQUI SE LOS MUESTRO! CAMBIO EXTREMO DE LOOK,15 aug 2019,8pVxgJauKYw
2023,"Caeli, Chino el Gorila, Aivan Beatz - Buenos días BB (Remix)",21 dic 2023,LxvNxbx0S1g