Year,Video title,Posting date,Video id
2012,Entrevistas Chistosas sobre Talentos,4 may 2012,kSA3b_zU40w
2012,Entrevistas Chistosas con ZOMBIES,10 nov 2012,QbdV6RbbV5Y
2013,El Alburero Imbécil,8 febrero 2013,5GiQNEEEHp4
2013,Entrevistas Chistosas sobre P0rn0gr@fía,30 nov 2013,886fi5CPl-Q
2014,La Rosa de Guadalupe me educó,2 Jan 2014,v-3h8eVVioE
2014,Conversaciones de VEGETARIANOS,25 Sep 2014,zt-q_FB9ZgE
2015,Odio los grupos de WHATSAPP,20 Jan 2015,cgKb6UMB9hs
2015,EL SIGNIFICADO DE LOS ICONOS,30 oct 2015,eBEDbBm-TZ0
2016,La ciudad de las DROGAS LEGALES,6 Jan 2016,Q1Pi6t48khs
2016,MIEDO A LAS AGUJAS,15 oct 2016,hlvs4J9lY3g
2017,Cuchillo CALIENTE vs JUGUETE,9 Jan 2017,h2gB250vDFY
2017,El reino de los venados | Irlanda,19 Sep 2017,rfYtYya-c18
2018,"Ser ""famoso"" no es tan fácil como parece...",18 Jan 2018,6O0yOG5x93Y
2018,Lo que quedó de la ciudad del desastre... | ECUADOR 🇪🇨,24 Sep 2018,sbdB46Ak49g
2019,Medicinas ORIGINALES vs GENÉRICAS | ¿conviene gastar más?,19 Jan 2019,lw2A-SaQXl8
2019,Me convertí en el payaso ESO por un día 🤡🎈,28 oct 2019,129GSLUvdKU
2020,Descifrando el EFECTO TUSA,27 Jan 2020,2lMgWOSJbD4
2020,Soy un PEQUEÑO hombre con un GRAN corazón,23 Aug 2020,5Se_56w2MuY&t=189s
2021,UN SEGUIDOR ME HIZO ESTATUA 😱 | Escultura de Luisito Comunica,18 Jan 2021,9WESgkHIc50
2021,¿Cómo se hace el vidrio? | Importante el proceso,2 Aug 2021,JsuTXXB3Q_s
2022,SEVILLA: Una linda ciudad en España 🇪🇸,9 mar 2022,jGDKtc8jMRE
2022,ISLANDIA: Tierra de hielo y volcanes | Reikiavik 🇮🇸🌋,14 Dec 2022,HyHaj6S9Sqc