Year,Video title,Posting date,Video id
2010,Yo soy HIPPY,7 may 2010,qWLfEmbLtWQ
2010,Vida antes del Feisbu?!,18 may 2010,hpvwFiVefqk
2010,Vivencias Nocturnas,8 nov 2010,3Y3hCL4DqPw
2011,REVOLUCIÓN!!,9 mar 2011,EEb1tRbwNmw
2011,Las Noticias,14 nov 2011,9Nyg4qTN7oY
2012,Las Compañías Telefónicas,20 feb 2012,dg5inUBxmfM
2012,Tenemos que hablar,21 nov 2012,fFKnfzQVQ5A
2013,¿Por qué empecé en YouTube?,4 mar 2013,OM8MLwdtS2k
2013,Frases Para Que Te Aprueben Un Examen | YellowMellow,16 dec 2013,7-SMHfo6_oI
2014,Imitando Acentos (Challenge),22 april 2014,g8lRRypKnds
2014,Lo mejor y lo peor de la Navidad | YellowMellow,23 dec 2014,ESO7MPoG7Qo
2015,El amor y otras tonterías | YellowMellow,24 feb 2015,_cs0wMzCPtw
2015,Aquí hay SALSEO | YellowMellow,12 nov 2015,U5cVeW23phQ
2016,Los retos del MILLÓN | YellowMellow,29 feb 2016,3m9AyNQbqQ4
2016,Cambio de Look a YouTubers | YellowMellow y RushSmith,1 dec 2016,6oCtxNBdzKE
2017,Es real,12 mar 2017,-mELletSqNk
2017,Si seguimos así vamos a acabar mal... | YellowMellow,14 dec 2017,f3vf7MsjtJI
2018,Leyendo Comentarios HATERS en ASMR #2 | YellowMellow,15 april 2018,A6scvLMAmb8
2018,La *NUEVA* Teoría de PIXAR,23 dec 2018,btsjw1r7-ko
2019,¿UNA NOVIA PARA ELSA? Frozen 2 Trailer REVIEW,17 feb 2019,lQLYaM0EC4c
2019,me cierro el canal y os cuento por qué... 🍌NOTICIAS BANANERAS🍌,8 oct 2019,KKHqqbNVfGY
2020,"mi novia es bisexual, ¿qué hago?",9 jan 2020,mJIsPquD9HA
2020,APRENDO a TOCAR el BAJO en UNA HORA *Sale bien*,29 nov 2020,aoqh23WA0YM
2021,"Trump y sus trumpets, Jeffree Star y Kanye West, Rubius y Grefg en Egoland 🍌NOTICIAS BANANERAS🍌",10 jan 2021,fzw8kUeKQtM
2022,soy no binaria y me opero por mi disforia,22 may 2022,WuNxbjpmPZ0
2022,mi OPERACIÓN | mastectomía en una persona no binaria,12 jun 2022,lUri5-SPhQc
2023,"Sexualidad libre, con Ro en la red - El Melocotonero",9 aug 2023,DcWg5HofkCQ
2023,Con Franco se vivía mejor - Melodrama 21,3 dec 2023,6zt3hpa5Qtg