Year,Video title,Posting date,Video id
2010,Super Happy Ozil,5 oct 2010,eK6mVIqxcpA
2011,Trolleando en GTA San Andreas Online Pt 1,13 jul 2011,uqoi2wxPJbE
2011,Minecraft - Apertura anal del server de Meri y Texturas!!,17 sept 2011,65UHpiktCew
2011,Skyrim - Eligiendo a la mujer perfecta,15 nov 2011,DaOdOBJwc50
2021,aprendiendo a conducir (mal),5 jun 2021,cXorRzBrjMs
2021,TRABAJANDO EN UNA HAMBURGUESERIA MUY EXTRAÑA | Happy's Humble Burger Farm,18 dec 2021,_HxEEc1uYDs
2022,ESTE JUEGO DA DEMASIADO MAL ROLLO | MADiSON FINAL,21 nov 2023,HHO36WzoPCI
2022,Animales siendo interesantes por 9 minutos 40 segundos,13 aug 2022,R6j205V76Lo
2023,POV: hemos vuelto a 2018,4 nov 2023,DtJ2dB5NxGw
2023,EXPLOTANDO MI PC POR AÑO NUEVO | Fireworks Mania,31 dec 2023,6dtOY4rjm6Y
2023,me enterraron VIVO con ESO,16 dec 2023,WBp9zfXhryw
2023,RIVERS ME HACE PERDER LA PACIENCIA,24 aug 2023,ZV4nHALH4DY
2023,LA CAJA LEGENDARIA 2023,3 may 2023,Kqdgme7ZD-4
2023,11 minutos de los mejores fails de 2023,30 sep 2023,D6T8J0De16Q
2023,no dejes que ELLA entre en tu casa,4 aug 2023,uvuhSOwLjCE
2023,PERDIENDO LA CABEZA EN UN VIDEOJUEGO DE NUEVO,5 jan 2023,A-dy09g96YQ