Year,Video title,Posting date,Video id
2010,Felizz lo que sea ☃,23 dec 2010,3GDHNqjQxPY
2010,No sabes como ondular tu cabello ? yo te enseño!!,20 dec 2010,W1qigEg92dw
2011,3 ♥Maneras diferentes para pintar tus uñas.,30 may 2011,3YDvbCmUl-U
2011,Cocinamos para Halloween?♥,15 oct 2011,Cf7s_oLM_oY
2012,4 ♥ maneras fáciles para pintarnos las uñas!,28 jan 2012,vVu4dIoTnjM
2012,Muffins de Nutella ♥(FÁCIL) COME GALLETAS/ ELMO - Yuya,10 nov 2011,I8GRYEyvp-w
2013,¡PASTEL EN 5 MINUTOS ♥MICROONDAS! -Yuya,2 jan 2013 ,3XUsHZYSUZc
2013,¡HAZ Y REGALA TRUFAS DELICIOSAS EN NAVIDAD! ♥ -Yuya,22 dec 2013,o8UznUTlh2Q
2014,¿CÓMO TENER EL CABELLO PERFECTO? ♥ - Yuya,16 jan 2014,-ET7dJeXo_o
2014,HAZ LOS MEJORES CUPCAKES DEL MUNDO ♥ - Yuya,20 sept 2014,dfh3aYZ7jg0
2015,MIS FAVORITOS DEL 2014 ♥ - Yuya,9 jan 2015 ,tGP5JRwkvXQ
2015,UÑAS CON ONDA NAVIDEÑA ♥ - Yuya,12 dec 2015,SqHGeTSiQEA
2016,ORDENA TU AÑO NUEVO ♥ - Yuya,6 jan 2016,Au5lJMv55Es
2016,¡RESPONDÍ A TUS PREGUNTAS! ♥ - Yuya,19 oct 2016,SbuApLID6iQ
2017,¡MI EXPERIENCIA CON LA COPA MENSTRUAL! ♥ - Yuya,18 jan 2017,hdn0BlnU5Rk
2017,¡RECREANDO MI MAQUILLAJE DE 15 AÑOS! ¡NO PUEDE SER! ♥ - Yuya,18 aug 2017,qOIwmPd5Hxo
2018,¡ASÍ COMPRO EN LAS OFERTAS! ♥ - Yuya,11 jan 2018,vMCiZ1Uqz84
2018,¡TODO DETRÁS DE LA ESTRELLA! ¡NO LO PUEDO CREER! ♥ -Yuya,22 sep 2018,OPxoUvK9lnk
2019,¡VOTAN Y DECIDEN MI MAQUILLAJE PARA UN DÍA IMPORTANTE (MIRA EL RESULTADO) ♥ - Yuya,2 mar 2019,p5K8n6qP8So
2019,¡El mejor look para AÑO NUEVO! EN SEGUNDITOS ❤️-Yuya,28 dec 2019,p-hDQ0tuhdM
2020,¡IMITANDO TIK TOKS Y ESTE FUE EL RESULTADO ¿LO LOGRÉ O FRACASÉ? ❤️-Yuya,15 feb 2020,hiZn4lV5PPk
2020,La historia de mi mascotita ¡Te presento a Majo! ❤️ -Yuya,20 aug 2020,cHp7Q4qT8Gw
2021,¡LOS PRODUCTOS ESENCIALES PARA COMENZAR A MAQUILLARTE! ❤️-Yuya,12 mar 2021,L8HvAvxAKEQ
2021,¡REGRESÉ Y ESTA ES MI NUEVA VIDA! Esto me sucede ahora ❤️-Yuya,24 dec 2021,wd_MQ3os0M0